{
    "metadata": {
        "run_id": "20260313_123958",
        "model": {
            "name": "base-model",
            "input_size": [
                2,
                512
            ],
            "param_count": 26244100,
            "feature_list": [
                1024
            ]
        },
        "dataset": {
            "name": "zeros-poles-dataset",
            "item_size": [
                2,
                512
            ],
            "train_size": 7200,
            "val_size": 2880,
            "test_size": 1440
        },
        "device": "cuda",
        "seed": 1991,
        "workers": 4,
        "batch_size": 144,
        "solver_type": "Adam"
    },
    "summary": {
        "best_val_dice": 2.8647552885452398e-09,
        "best_epoch": 1,
        "final_train_dice": 2.31876194689562e-09,
        "final_val_dice": 2.8647552885452398e-09
    },
    "train_log": [
        {
            "epoch": 1,
            "lr": 0.001,
            "train_loss": 0.5211721003055573,
            "train_dice": 5.13442407219733e-05,
            "train_iou": 2.5706248064252256e-05,
            "train_accuracy": 0.9868120056390762,
            "val_loss": 0.5048884481191636,
            "val_dice": 2.8647552885452398e-09,
            "val_iou": 2.8647552885452398e-09,
            "val_accuracy": 0.99853515625,
            "test_loss": 0.5048884481191636,
            "test_dice": 2.8647552885452398e-09,
            "test_iou": 2.8647552885452398e-09,
            "test_accuracy": 0.99853515625
        },
        {
            "epoch": 2,
            "lr": 0.001,
            "train_loss": 0.5073974370956421,
            "train_dice": 2.31876194689562e-09,
            "train_iou": 2.31876194689562e-09,
            "train_accuracy": 0.9985351610183716,
            "val_loss": 0.5055339515209198,
            "val_dice": 2.8647552885452398e-09,
            "val_iou": 2.8647552885452398e-09,
            "val_accuracy": 0.99853515625,
            "test_loss": 0.5055339515209198,
            "test_dice": 2.8647552885452398e-09,
            "test_iou": 2.8647552885452398e-09,
            "test_accuracy": 0.99853515625
        }
    ]
}