{
    "metadata": {
        "run_id": "20260620_125241",
        "model": {
            "model_name": "base-model",
            "feature_list": [
                32,
                64,
                128,
                256,
                512
            ],
            "input_size": [
                4,
                512
            ],
            "mask_halfwindow": 8,
            "mask_threshold": 0.5,
            "bce_weight": 0.5,
            "dice_weight": 0.5,
            "ds_weights": [
                0.125,
                0.25,
                0.5
            ],
            "param_count": 5296520
        },
        "dataset": {
            "dataset_family": "zeros-poles-dataset",
            "dataset_name": "zeros-poles-dataset-very-noisy-deg",
            "item_size": [
                2,
                512
            ],
            "train_size": 36000,
            "val_size": 14400,
            "test_size": 7200
        },
        "device": "cuda",
        "seed": 1991,
        "workers": 4,
        "batch_size": 360,
        "solver_type": "Adam"
    },
    "summary": {
        "best_epoch": 1,
        "lr_at_best_epoch": 9.939057285945933e-06,
        "train_dice_at_best_epoch": 0.437925930917263,
        "val___dice_at_best_epoch": 0.41666667759418485,
        "test__dice_at_best_epoch": 0.42632764503359794,
        "final_train_dice": 0.41667703926563265,
        "final_val___dice": 0.41666667759418485,
        "final_test__dice": 0.41666860207915307
    },
    "train_log": [
        {
            "epoch": 1,
            "lr": 9.939057285945933e-06,
            "train_loss": 0.5267128109931946,
            "train_dice": 0.437925930917263,
            "train_iou": 0.4277716153860092,
            "train_accuracy": 0.8384440022706986,
            "val_loss": 0.5002063862979412,
            "val_dice": 0.41666667759418485,
            "val_iou": 0.41666667759418485,
            "val_accuracy": 0.9690231904387474,
            "test_loss": 0.5136482149362565,
            "test_dice": 0.42632764503359794,
            "test_iou": 0.4216965578496456,
            "test_accuracy": 0.9391540080308914
        },
        {
            "epoch": 2,
            "lr": 9.757729755661012e-06,
            "train_loss": 0.458874272108078,
            "train_dice": 0.42402342468500137,
            "train_iou": 0.42049966514110565,
            "train_accuracy": 0.949501678943634,
            "val_loss": 0.46967077516019345,
            "val_dice": 0.41666667759418485,
            "val_iou": 0.41666667759418485,
            "val_accuracy": 0.9731220752000809,
            "test_loss": 0.4789588630199432,
            "test_dice": 0.4204824768006802,
            "test_iou": 0.41865505650639534,
            "test_accuracy": 0.9636238187551498
        },
        {
            "epoch": 3,
            "lr": 9.460482294732422e-06,
            "train_loss": 0.4280907246470451,
            "train_dice": 0.41954253196716307,
            "train_iou": 0.418166866004467,
            "train_accuracy": 0.9666120135784149,
            "val_loss": 0.4467065777629614,
            "val_dice": 0.41666667759418485,
            "val_iou": 0.41666667759418485,
            "val_accuracy": 0.9743570864200592,
            "test_loss": 0.453862176835537,
            "test_dice": 0.41799060367047786,
            "test_iou": 0.41735774651169777,
            "test_accuracy": 0.9714517831802368
        },
        {
            "epoch": 4,
            "lr": 9.054634122155991e-06,
            "train_loss": 0.4077082645893097,
            "train_dice": 0.4177499157190323,
            "train_iou": 0.417232383787632,
            "train_accuracy": 0.9721880388259888,
            "val_loss": 0.42793885320425035,
            "val_dice": 0.41666667759418485,
            "val_iou": 0.41666667759418485,
            "val_accuracy": 0.9749730676412582,
            "test_loss": 0.4334848761558533,
            "test_dice": 0.4170690611004829,
            "test_iou": 0.4168767388910055,
            "test_accuracy": 0.9739203840494156
        },
        {
            "epoch": 5,
            "lr": 8.550178566873412e-06,
            "train_loss": 0.39329231560230254,
            "train_dice": 0.41704949289560317,
            "train_iou": 0.41686668395996096,
            "train_accuracy": 0.9740960937738419,
            "val_loss": 0.41385976076126096,
            "val_dice": 0.41666667759418485,
            "val_iou": 0.41666667759418485,
            "val_accuracy": 0.9750976771116256,
            "test_loss": 0.41715131253004073,
            "test_dice": 0.4168119989335537,
            "test_iou": 0.4167427521198988,
            "test_accuracy": 0.9746464878320694
        },
        {
            "epoch": 6,
            "lr": 7.959536998847744e-06,
            "train_loss": 0.3825196635723114,
            "train_dice": 0.4168124294281006,
            "train_iou": 0.41674284428358077,
            "train_accuracy": 0.9746813917160034,
            "val_loss": 0.4107249412685633,
            "val_dice": 0.41666667759418485,
            "val_iou": 0.41666667759418485,
            "val_accuracy": 0.9750954061746597,
            "test_loss": 0.403990576416254,
            "test_dice": 0.4167396441102028,
            "test_iou": 0.4167050737887621,
            "test_accuracy": 0.9748968750238418
        },
        {
            "epoch": 7,
            "lr": 7.297252973710757e-06,
            "train_loss": 0.373930447101593,
            "train_dice": 0.4167441016435623,
            "train_iou": 0.4167072832584381,
            "train_accuracy": 0.9748917055130005,
            "val_loss": 0.3949067030102015,
            "val_dice": 0.41666667759418485,
            "val_iou": 0.41666667759418485,
            "val_accuracy": 0.9750976771116256,
            "test_loss": 0.3933434337377548,
            "test_dice": 0.41669947691261766,
            "test_iou": 0.41668383255600927,
            "test_accuracy": 0.9749911397695541
        },
        {
            "epoch": 8,
            "lr": 6.579634122155991e-06,
            "train_loss": 0.36679432839155196,
            "train_dice": 0.41669817090034483,
            "train_iou": 0.4166831749677658,
            "train_accuracy": 0.9749911677837372,
            "val_loss": 0.38516709208488464,
            "val_dice": 0.41666667759418485,
            "val_iou": 0.41666667759418485,
            "val_accuracy": 0.9750976771116256,
            "test_loss": 0.3849264092743397,
            "test_dice": 0.4166874598711729,
            "test_iou": 0.41667752899229527,
            "test_accuracy": 0.9750395655632019
        },
        {
            "epoch": 9,
            "lr": 5.824350601949144e-06,
            "train_loss": 0.36132351249456407,
            "train_dice": 0.4166871079802513,
            "train_iou": 0.4166774308681488,
            "train_accuracy": 0.9750390607118606,
            "val_loss": 0.3777128130197525,
            "val_dice": 0.41666667759418485,
            "val_iou": 0.41666667759418485,
            "val_accuracy": 0.9750976771116256,
            "test_loss": 0.3782518029212952,
            "test_dice": 0.4166722036898136,
            "test_iou": 0.4166695661842823,
            "test_accuracy": 0.9750645220279693
        },
        {
            "epoch": 10,
            "lr": 5.050000000000001e-06,
            "train_loss": 0.3569058537483215,
            "train_dice": 0.41667703926563265,
            "train_iou": 0.4166720947623253,
            "train_accuracy": 0.9750605708360672,
            "val_loss": 0.37163155190646646,
            "val_dice": 0.41666667759418485,
            "val_iou": 0.41666667759418485,
            "val_accuracy": 0.9750976771116256,
            "test_loss": 0.37298869863152506,
            "test_dice": 0.41666860207915307,
            "test_iou": 0.41666766479611395,
            "test_accuracy": 0.9750769942998886
        }
    ]
}