{
    "metadata": {
        "run_id": "20260503_182452",
        "model": {
            "model_name": "TransformerBottleneck-model",
            "feature_list": [
                32,
                64,
                128,
                256,
                512
            ],
            "input_size": [
                4,
                512
            ],
            "mask_halfwindow": 8,
            "mask_threshold": 0.5,
            "bce_weight": 0.25,
            "dice_weight": 0.75,
            "param_count": 5296396
        },
        "dataset": {
            "dataset_family": "zeros-poles-dataset",
            "dataset_name": "zeros-poles-dataset-noisy-deg",
            "item_size": [
                2,
                512
            ],
            "train_size": 36000,
            "val_size": 14400,
            "test_size": 7200
        },
        "device": "cuda",
        "seed": 1991,
        "workers": 4,
        "batch_size": 360,
        "solver_type": "Adam"
    },
    "summary": {
        "best_val_dice": 0.43568432293832304,
        "best_epoch": 1,
        "final_train_dice": 0.43535804122686383,
        "final_val_dice": 0.43568432293832304
    },
    "train_log": [
        {
            "epoch": 1,
            "lr": 9.939057285945933e-06,
            "train_loss": 0.5351477950811386,
            "train_dice": 0.43535804122686383,
            "train_iou": 0.4268535104393959,
            "train_accuracy": 0.8346885234117508,
            "val_loss": 0.5277297705411911,
            "val_dice": 0.43568432293832304,
            "val_iou": 0.42835922688245776,
            "val_accuracy": 0.9626605421304703,
            "test_loss": 0.5282125666737556,
            "test_dice": 0.4232810724526644,
            "test_iou": 0.4205022342503071,
            "test_accuracy": 0.9699479371309281
        }
    ]
}