{
    "metadata": {
        "run_id": "20260503_190123",
        "model": {
            "model_name": "TransformerBottleneck-model",
            "feature_list": [
                32,
                64,
                128,
                256,
                512
            ],
            "input_size": [
                4,
                512
            ],
            "mask_halfwindow": 8,
            "mask_threshold": 0.5,
            "bce_weight": 0.25,
            "dice_weight": 0.75,
            "param_count": 5296396
        },
        "dataset": {
            "dataset_family": "zeros-poles-dataset",
            "dataset_name": "zeros-poles-dataset-noisy-deg",
            "item_size": [
                2,
                512
            ],
            "train_size": 36000,
            "val_size": 14400,
            "test_size": 7200
        },
        "device": "cuda",
        "seed": 1991,
        "workers": 4,
        "batch_size": 360,
        "solver_type": "Adam"
    },
    "summary": {
        "best_epoch": 16,
        "train_dice_at_best_epoch": 0.5810496538877488,
        "val_dice_at_best_epoch": 0.602152731269598,
        "test_dice_at_best_epoch": 0.5937384441494942,
        "final_train_dice": 0.5810496538877488,
        "final_val_dice": 0.602152731269598,
        "final_test_dice": 0.5937384441494942
    },
    "train_log": [
        {
            "epoch": 1,
            "lr": 9.939057285945933e-06,
            "train_loss": 0.5354454112052918,
            "train_dice": 0.4361409637331963,
            "train_iou": 0.42724365919828416,
            "train_accuracy": 0.8306396010518075,
            "val_loss": 0.5279550712555647,
            "val_dice": 0.4345617599785328,
            "val_iou": 0.4276418935507536,
            "val_accuracy": 0.9614813819527626,
            "test_loss": 0.5285219728946686,
            "test_dice": 0.42340477742254734,
            "test_iou": 0.420516461879015,
            "test_accuracy": 0.9675207108259201
        },
        {
            "epoch": 2,
            "lr": 9.757729755661012e-06,
            "train_loss": 0.49973938494920733,
            "train_dice": 0.4305316472053528,
            "train_iou": 0.42466055482625964,
            "train_accuracy": 0.9596520280838012,
            "val_loss": 0.5190402939915657,
            "val_dice": 0.44490983597934247,
            "val_iou": 0.43381102494895457,
            "val_accuracy": 0.9557672321796418,
            "test_loss": 0.5184369385242462,
            "test_dice": 0.4309275008738041,
            "test_iou": 0.4251442287117243,
            "test_accuracy": 0.9681398749351502
        },
        {
            "epoch": 3,
            "lr": 9.460482294732422e-06,
            "train_loss": 0.4840097379684448,
            "train_dice": 0.43437845647335055,
            "train_iou": 0.4272987151145935,
            "train_accuracy": 0.9667000579833984,
            "val_loss": 0.5084803864359856,
            "val_dice": 0.45022623911499976,
            "val_iou": 0.43870172537863256,
            "val_accuracy": 0.9667224362492561,
            "test_loss": 0.5084903448820114,
            "test_dice": 0.4413113370537758,
            "test_iou": 0.4322645366191864,
            "test_accuracy": 0.9702236205339432
        },
        {
            "epoch": 4,
            "lr": 9.054634122155991e-06,
            "train_loss": 0.4706189277768135,
            "train_dice": 0.45246863007545474,
            "train_iou": 0.4394606399536133,
            "train_accuracy": 0.966812537908554,
            "val_loss": 0.49874454028904436,
            "val_dice": 0.4665919248014688,
            "val_iou": 0.4499911334365606,
            "val_accuracy": 0.9657225415110589,
            "test_loss": 0.4986982122063637,
            "test_dice": 0.4605699650943279,
            "test_iou": 0.4453711211681366,
            "test_accuracy": 0.9681219100952149
        },
        {
            "epoch": 5,
            "lr": 8.550178566873412e-06,
            "train_loss": 0.4602029529213905,
            "train_dice": 0.46360094636678695,
            "train_iou": 0.44742454946041105,
            "train_accuracy": 0.9662771654129029,
            "val_loss": 0.49043892584741117,
            "val_dice": 0.4755878921598196,
            "val_iou": 0.4569253694266081,
            "val_accuracy": 0.9650563836097718,
            "test_loss": 0.4904195971786976,
            "test_dice": 0.4696754917502403,
            "test_iou": 0.4523364633321762,
            "test_accuracy": 0.9670819371938706
        },
        {
            "epoch": 6,
            "lr": 7.959536998847744e-06,
            "train_loss": 0.4512979292869568,
            "train_dice": 0.47229169845581054,
            "train_iou": 0.45355310559272766,
            "train_accuracy": 0.9651220291852951,
            "val_loss": 0.4824827276170254,
            "val_dice": 0.484321516379714,
            "val_iou": 0.46287652663886547,
            "val_accuracy": 0.9632898822426796,
            "test_loss": 0.48266228213906287,
            "test_dice": 0.4840726800262928,
            "test_iou": 0.4618761546909809,
            "test_accuracy": 0.9647331565618515
        },
        {
            "epoch": 7,
            "lr": 7.297252973710757e-06,
            "train_loss": 0.44275429755449297,
            "train_dice": 0.4976356783509254,
            "train_iou": 0.4712464493513107,
            "train_accuracy": 0.9619713109731675,
            "val_loss": 0.47364425249397757,
            "val_dice": 0.5340124566107989,
            "val_iou": 0.4995903231203556,
            "val_accuracy": 0.961393627524376,
            "test_loss": 0.4743879668414593,
            "test_dice": 0.5331018693745136,
            "test_iou": 0.49803164452314375,
            "test_accuracy": 0.9610665768384934
        },
        {
            "epoch": 8,
            "lr": 6.579634122155991e-06,
            "train_loss": 0.43452490150928497,
            "train_dice": 0.5327790212631226,
            "train_iou": 0.4965335038304329,
            "train_accuracy": 0.9568357849121094,
            "val_loss": 0.46626885086297987,
            "val_dice": 0.5617403969168663,
            "val_iou": 0.5188339222222567,
            "val_accuracy": 0.9562641963362694,
            "test_loss": 0.46731326505541804,
            "test_dice": 0.5556841611862182,
            "test_iou": 0.5141073785722255,
            "test_accuracy": 0.955879208445549
        },
        {
            "epoch": 9,
            "lr": 5.824350601949144e-06,
            "train_loss": 0.4278970223665237,
            "train_dice": 0.5484006744623184,
            "train_iou": 0.5076851463317871,
            "train_accuracy": 0.9540373212099076,
            "val_loss": 0.46003934778273103,
            "val_dice": 0.5748773448169231,
            "val_iou": 0.5274592630565167,
            "val_accuracy": 0.9528532892465591,
            "test_loss": 0.4613147735595703,
            "test_dice": 0.5682017847895622,
            "test_iou": 0.5225444935262203,
            "test_accuracy": 0.9523383498191833
        },
        {
            "epoch": 10,
            "lr": 5.050000000000001e-06,
            "train_loss": 0.4220607253909111,
            "train_dice": 0.5594251811504364,
            "train_iou": 0.5156279051303864,
            "train_accuracy": 0.9522397953271866,
            "val_loss": 0.4550344705581665,
            "val_dice": 0.5799573428928853,
            "val_iou": 0.531887473538518,
            "val_accuracy": 0.9529345616698265,
            "test_loss": 0.45640749335289,
            "test_dice": 0.5718658104538917,
            "test_iou": 0.5259115479886531,
            "test_accuracy": 0.9529686391353607
        },
        {
            "epoch": 11,
            "lr": 4.275649398050859e-06,
            "train_loss": 0.4175046643614769,
            "train_dice": 0.5659315580129624,
            "train_iou": 0.5203160157799721,
            "train_accuracy": 0.9512235206365586,