{
    "metadata": {
        "run_id": "20260503_183729",
        "model": {
            "model_name": "TransformerBottleneck-model",
            "feature_list": [
                32,
                64,
                128,
                256,
                512
            ],
            "input_size": [
                4,
                512
            ],
            "mask_halfwindow": 8,
            "mask_threshold": 0.5,
            "bce_weight": 0.25,
            "dice_weight": 0.75,
            "param_count": 5296396
        },
        "dataset": {
            "dataset_family": "zeros-poles-dataset",
            "dataset_name": "zeros-poles-dataset-noisy-deg",
            "item_size": [
                2,
                512
            ],
            "train_size": 36000,
            "val_size": 14400,
            "test_size": 7200
        },
        "device": "cuda",
        "seed": 1991,
        "workers": 4,
        "batch_size": 360,
        "solver_type": "Adam"
    },
    "summary": {
        "best_val_dice": 0.4345617599785328,
        "best_epoch": 1,
        "final_train_dice": 0.4361409637331963,
        "final_val_dice": 0.4345617599785328
    },
    "train_log": [
        {
            "epoch": 1,
            "lr": 9.939057285945933e-06,
            "train_loss": 0.5354454112052918,
            "train_dice": 0.4361409637331963,
            "train_iou": 0.42724365919828416,
            "train_accuracy": 0.8306396010518075,
            "val_loss": 0.5279550712555647,
            "val_dice": 0.4345617599785328,
            "val_iou": 0.4276418935507536,
            "val_accuracy": 0.9614813819527626,
            "test_loss": 0.5285219728946686,
            "test_dice": 0.42340477742254734,
            "test_iou": 0.420516461879015,
            "test_accuracy": 0.9675207108259201
        }
    ]
}