{
    "metadata": {
        "run_id": "20260503_180927",
        "model": {
            "model_name": "TransformerBottleneck-model",
            "feature_list": [
                32,
                64,
                128,
                256,
                512
            ],
            "input_size": [
                4,
                512
            ],
            "mask_halfwindow": 8,
            "mask_threshold": 0.5,
            "bce_weight": 0.25,
            "dice_weight": 0.75,
            "param_count": 5296396
        },
        "dataset": {
            "dataset_family": "zeros-poles-dataset",
            "dataset_name": "zeros-poles-dataset-noisy-deg",
            "item_size": [
                2,
                512
            ],
            "train_size": 36000,
            "val_size": 14400,
            "test_size": 7200
        },
        "device": "cuda",
        "seed": 1991,
        "workers": 4,
        "batch_size": 360,
        "solver_type": "Adam"
    },
    "summary": {
        "best_val_dice": 0.46459690295159817,
        "best_epoch": 4,
        "final_train_dice": 0.4518865591287613,
        "final_val_dice": 0.46459690295159817
    },
    "train_log": [
        {
            "epoch": 1,
            "lr": 9.939057285945933e-06,
            "train_loss": 0.5350852352380753,
            "train_dice": 0.4352450594305992,
            "train_iou": 0.42678680032491684,
            "train_accuracy": 0.8356265538930893,
            "val_loss": 0.5276313662528992,
            "val_dice": 0.4344710409641266,
            "val_iou": 0.4276743229478598,
            "val_accuracy": 0.9638744369149208,
            "test_loss": 0.5281692057847976,
            "test_dice": 0.42290863282978536,
            "test_iou": 0.4202841330319643,
            "test_accuracy": 0.9701233834028244
        },
        {
            "epoch": 2,
            "lr": 9.757729755661012e-06,
            "train_loss": 0.4999259489774704,
            "train_dice": 0.4304077026247978,
            "train_iou": 0.42463243842124937,
            "train_accuracy": 0.9611721283197403,
            "val_loss": 0.5191862154752016,
            "val_dice": 0.4460771236568689,
            "val_iou": 0.43455277308821677,
            "val_accuracy": 0.9554165542125702,
            "test_loss": 0.518522010743618,
            "test_dice": 0.43150417134165764,
            "test_iou": 0.4255474008619785,
            "test_accuracy": 0.9688363462686539
        },
        {
            "epoch": 3,
            "lr": 9.460482294732422e-06,
            "train_loss": 0.4842745742201805,
            "train_dice": 0.4340162682533264,
            "train_iou": 0.42710828840732573,
            "train_accuracy": 0.9671977627277374,
            "val_loss": 0.508711551874876,
            "val_dice": 0.4496349483728409,
            "val_iou": 0.43834148198366163,
            "val_accuracy": 0.9673815414309501,
            "test_loss": 0.508711713552475,
            "test_dice": 0.441851344704628,
            "test_iou": 0.4326687201857567,
            "test_accuracy": 0.9705900311470032
        },
        {
            "epoch": 4,
            "lr": 9.054634122155991e-06,
            "train_loss": 0.4708568719029427,
            "train_dice": 0.4518865591287613,
            "train_iou": 0.43916094541549683,
            "train_accuracy": 0.9671664071083069,
            "val_loss": 0.4989898558706045,
            "val_dice": 0.46459690295159817,
            "val_iou": 0.44916340671479704,
            "val_accuracy": 0.9673135623335838,
            "test_loss": 0.4989668853580952,
            "test_dice": 0.45911274328827856,
            "test_iou": 0.4448010213673115,
            "test_accuracy": 0.969255119562149
        }
    ]
}